origin,vol_cbm,weight_ton,partner_longitude,partner_latitude,kecamatan,result
SO359536,3.1722758,1.04974,106.58023829999999,-6.2366981,CURUG,0
SO359443,17.2,4.0,106.72152890000001,-6.3124113,CIPUTAT,1
SO359441,4.3,1.0,106.895996,-6.401955,TAPOS,2
SO359439,3.28015943,0.4522152,106.7592342,-6.1983083,KEMBANGAN,3
SO359434,4.3,1.0,106.8719958,-6.3797413,CIMANGGIS,4
SO360861,0.22335181,0.06581699999999999,106.625868,-6.290457099999999,PAGEDANGAN,5
SO360670,0.089185,0.01634,106.5886942,-6.2874809,LEGOK,5
SO360581,0.02392,0.0132,106.5997493,-6.286123,PAGEDANGAN,5
SO360578,0.04762275,0.0096,106.643294,-6.3288402999999995,CISAUK,5
SO360553,0.025688,0.00294,106.6020538,-6.3439824,CISAUK,5
SO360172,0.041227999999999994,0.013619999999999998,106.5829848,-6.3171973,LEGOK,5
SO360169,0.1485,0.076,106.5778065,-6.29968,LEGOK,5
SO360159,0.0574365,0.008473999999999999,106.64262099999999,-6.3381870000000005,CISAUK,5
SO359375,0.15133925,0.0690395,106.59546200000001,-6.3047115,LEGOK,5
SO361090,0.27369,0.145784,106.559326,-6.2296927,CURUG,6
SO360739,0.5473279999999999,0.03642,106.5858175,-6.248117400000001,CURUG,6
SO360707,0.32346887,0.186628,106.5574863,-6.2548453,CURUG,6
SO360675,0.58063957,0.08513079999999999,106.5471852,-6.250545099999999,CURUG,6
SO360451,0.07266546,0.0278,106.573209,-6.2532139,CURUG,6
SO360449,0.025688,0.0011,106.59141070000001,-6.2764428,LEGOK,6
SO359792,0.0409032,0.008584,106.5680007,-6.244351999999999,CURUG,6
SO359765,0.2318232,0.036389300000000006,106.5691694,-6.2784951,LEGOK,6
SO359530,0.025688,0.00115,106.5552453,-6.2247496,CIKUPA,6
SO359339,0.267205047,0.050816,106.54964890000001,-6.2861455,PANONGAN,6
SO359170,0.32668800000000003,0.0708,106.5536811,-6.2292319,CURUG,6
SO358974,0.00889203,0.0068,106.56643249999999,-6.2627422,CURUG,6
SO361038,0.139469744,0.076865,106.60604209999998,-6.2207359,KELAPA DUA,7
SO361005,0.15926575,0.0336535,106.6467004,-6.2166755,PINANG,7
SO360904,0.050138199999999994,0.018364,106.6223653,-6.2341684,KELAPA DUA,7
SO360244,0.0574365,0.006679999999999999,106.61854299999999,-6.238657,KELAPA DUA,7
SO359821,0.025688,0.0026720000000000003,106.6325129,-6.2167373,PINANG,7
SO359763,0.0574365,0.008115,106.61370840000001,-6.2660102,PAGEDANGAN,7
SO359686,0.10124396,0.0249535,106.6175274,-6.2362008,KELAPA DUA,7
SO359366,0.34816017,0.078193,106.61380919999999,-6.2341107000000004,KELAPA DUA,7
SO359005,0.047477,0.003912,106.629687,-6.219586,CIBODAS,7
SO360519,0.089185,0.017731999999999998,106.3891285,-6.2414623,CISOKA,8
SO359525,0.43,0.1,106.4161223,-6.2184877,BALARAJA,8
SO360777,0.055644500000000006,0.025685000000000003,106.62070790000001,-6.1246704,NEGLASARI,9
SO360340,0.025688,0.001655,106.5274541,-6.107655,RAJEG,9
SO360332,0.025688,0.00016999999999999999,106.52297659999998,-6.1152323,RAJEG,9
SO360108,0.025688,0.00156,106.59878529999999,-6.1442833,SEPATAN TIMUR,9
SO360010,0.1497825,0.09300000000000001,106.52612659999998,-6.0909607,RAJEG,9
SO359963,0.14904552,0.09,106.52689879999998,-6.1224578,RAJEG,9
SO359845,0.172289,0.081484,106.6061473,-6.0929321,PAKUHAJI,9
SO359801,0.12108050000000001,0.05982899999999999,106.52649840000002,-6.126735500000001,RAJEG,9
SO359713,0.17507,0.09,106.63336709999999,-6.1303749000000005,NEGLASARI,9
SO359707,0.11575942,0.030412,106.5356963,-6.144350900000001,PASARKEMIS,9
SO359682,0.03239775,0.0174,106.5654606,-6.1146568,SEPATAN,9
SO359538,0.15802141,0.04555,106.5987827,-6.045523,PAKUHAJI,9
SO359266,0.08619500000000001,0.028668,106.54523200000001,-6.135388,PASARKEMIS,9
SO360905,0.025688,0.00036,106.6123696,-6.1976511,KARAWACI,10
SO360855,0.0416662,0.017628,106.58819869999999,-6.185509,CIBODAS,10
SO360762,0.077064,0.012655,106.60374990000001,-6.183445,CIBODAS,10
SO360743,0.025688,0.003593,106.61227379999998,-6.1899584,KARAWACI,10
SO360730,0.21615336,0.0748563,106.59894569999999,-6.167869400000001,PERIUK,10
SO360485,0.081674,0.04833,106.5680785,-6.1580057,PASARKEMIS,10
SO360173,0.025688,0.004024,106.5812466,-6.1946142,CIBODAS,10
SO359954,0.05106,0.025,106.6054977,-6.179916,KARAWACI,10
SO359951,0.08351526,0.028331,106.57332379999998,-6.2004760999999995,JATI UWUNG,10
SO359937,0.025688,0.001507,106.60990590000002,-6.1647555,KARAWACI,10
SO359810,0.025688,0.00231,106.58946399999999,-6.1825362,PERIUK,10
SO359784,0.034508,0.012448,106.61056,-6.19311,KARAWACI,10
SO359681,0.06062001,0.0456,106.6084357,-6.1785819,KARAWACI,10
SO359669,0.154128,0.018676,106.6311098,-6.1850343,TANGERANG,10
SO359620,0.13072999999999999,0.056603999999999995,106.57320790000001,-6.2008339999999995,JATI UWUNG,10
SO359465,0.3274005,0.1698,106.60118259999999,-6.2075488,CIBODAS,10
SO359106,0.27417600000000003,0.155,106.59743459999999,-6.185516000000001,PERIUK,10
SO359059,0.5900718,0.158024,106.575524,-6.205678,JATI UWUNG,10
SO358869,0.12136792,0.0581,106.57491509999998,-6.184725,PERIUK,10
SO361070,0.042957199999999994,0.006860000000000001,106.5505919,-6.1989444,CURUG,11
SO360868,0.058804999999999996,0.017063,106.52995630000001,-6.1727034000000005,PASARKEMIS,11
SO360788,0.025688,0.009614,106.5338801,-6.1686422,PASARKEMIS,11
SO360642,0.055644500000000006,0.026061,106.5256729,-6.1838055,PASARKEMIS,11
SO360235,1.587425,0.32,106.5279875,-6.228004900000001,CIKUPA,11
SO360234,0.060702,0.023194,106.5480635,-6.1993874,CIKUPA,11
SO359322,0.13072999999999999,0.06176,106.55104329999999,-6.2014401,CIKUPA,11
SO358867,0.12386960000000001,0.066334,106.5291485,-6.1859434,PASARKEMIS,11
SO360345,0.28328600000000004,0.012963,106.727471,-6.2305693,LARANGAN,12
SO359959,0.317485,0.064,106.7204345,-6.2175910000000005,KEMBANGAN,12
SO359741,0.20893142,0.069574,106.72881000000001,-6.22422,KEMBANGAN,12
SO359712,0.12653042,0.063,106.7216132,-6.2166801,KARANG TENGAH,12
SO359484,0.32453685,0.040092,106.72295290000001,-6.2204562,KEMBANGAN,12
SO359135,0.11658389999999999,0.028995299999999998,106.73546950000001,-6.203899,KEMBANGAN,12
SO358935,0.051104000000000004,0.024553,106.725209,-6.222742,KEMBANGAN,12
SO360591,0.255021241,0.14300000000000002,106.7649544,-6.2596871,PESANGGRAHAN,13
SO358929,0.120757085,0.10636,106.7610283,-6.2415367,PESANGGRAHAN,13
SO359635,0.95498405,0.371415,106.737559,-6.231568,LARANGAN,14
SO359237,0.593812,0.065,106.73339080000001,-6.2390016,LARANGAN,14
SO360751,0.1422331,0.0389,106.74326299999998,-6.231323000000001,LARANGAN,15
SO359902,0.26355296,0.036686,106.7495251,-6.231192500000001,PESANGGRAHAN,15
SO359294,0.98460865,0.517988,106.7515531,-6.2263380999999995,PESANGGRAHAN,15
SO359977,0.18611341,0.046244,106.77649679999999,-6.2093443,KEBON JERUK,16
SO359616,0.24039315,0.12659,106.78127240000002,-6.2087802000000005,KEBON JERUK,16
SO359521,0.54197,0.19131900000000002,106.7704348,-6.23201,KEBAYORAN LAMA,16
SO359401,0.171548,0.09642,106.7670195,-6.2202975,KEBON JERUK,16
SO358970,0.17507,0.09,106.78904070000002,-6.220442299999999,KEBAYORAN LAMA,16
SO358960,0.60008861,0.17868,106.7696228,-6.2320348,KEBAYORAN LAMA,16
SO360907,0.154225085,0.0993955,106.7523477,-6.195139900000001,KEMBANGAN,17
SO360882,0.18771026,0.0712,106.76684070000002,-6.202515200000001,KEBON JERUK,17
SO360555,0.09761449999999999,0.01403,106.7813709,-6.185503,GROGOL PETAMBURAN,17
SO359836,0.13625045,0.046319000000000006,106.7606247,-6.200353099999999,KEMBANGAN,17
SO359504,0.13964038,0.071896,106.764154,-6.202518599999999,KEMBANGAN,17
SO359301,0.320805625,0.15293199999999998,106.7629477,-6.191647799999999,KEBON JERUK,17
SO359254,0.54704,0.425,106.75802140000002,-6.2032196,KEMBANGAN,17
SO359062,0.46719499999999997,0.110576,106.779799,-6.1824580000000005,KEBON JERUK,17
SO358936,0.366235,0.22,106.769332,-6.187174,KEBON JERUK,17
SO360893,0.160208675,0.118394,106.73049650000002,-6.2586222000000005,PONDOK AREN,18
SO360518,0.015215200000000002,0.006999999999999999,106.72827290000001,-6.2635332,PONDOK AREN,18
SO360488,0.26216525,0.065969,106.74458,-6.26515,PONDOK AREN,18
SO360315,0.36354549999999997,0.048219,106.73201670000002,-6.278363400000001,CIPUTAT TIMUR,18
SO359874,0.23254025,0.033786000000000004,106.7303726,-6.262564599999999,PONDOK AREN,18
SO359476,0.22525599999999998,0.018953,106.71157009999999,-6.2761932,PONDOK AREN,18
SO358901,0.078347,0.0158,106.7256058,-6.2625253,PONDOK AREN,18
SO360994,0.408224,0.028919999999999998,106.728907,-6.239812000000001,LARANGAN,19
SO360050,0.1809878,0.0452,106.7184311,-6.2517582,PONDOK AREN,19
SO359724,0.43364278,0.05271,106.7289142,-6.239685,LARANGAN,19
SO359565,0.090629,0.036836,106.72050700000001,-6.256333000000001,PONDOK AREN,19
SO359446,1.0051188,0.14428,106.7277554,-6.2398318,LARANGAN,19
SO359381,0.369688,0.0832,106.7261263,-6.2490315999999995,LARANGAN,19
SO358865,0.06959403,0.02515,106.724227,-6.2555236,PONDOK AREN,19
SO360668,0.0574365,0.011579,106.686024,-6.234653,PONDOK AREN,20
SO360588,0.09523999999999999,0.011476,106.68482,-6.23388,PONDOK AREN,20
SO360374,0.127371,0.0453,106.68578559999999,-6.2317288,PONDOK AREN,20
SO360373,0.21789499999999998,0.039020000000000006,106.69185590000001,-6.2604232,PONDOK AREN,20
SO360213,0.060702,0.023194,106.6833101,-6.236025499999999,PONDOK AREN,20
SO359398,0.1821672,0.053366,106.6799541,-6.2363922,PONDOK AREN,20
SO359257,0.268055525,0.0778275,106.6758941,-6.24755,SERPONG UTARA,20
SO359220,0.18279925,0.0458,106.682724,-6.231659,PONDOK AREN,20
SO361053,0.286508,0.01817,106.7112824,-6.2282294,CILEDUG,21
SO360589,0.37433096,0.119504,106.70605890000002,-6.2205558,KARANG TENGAH,21
SO359924,0.295133,0.027308,106.70088,-6.231236,CILEDUG,21
SO359605,0.15015,0.035171999999999995,106.6964341,-6.2194023000000005,KARANG TENGAH,21
SO359537,0.17507,0.09,106.71295,-6.2229295,KARANG TENGAH,21
SO359077,0.3587008,0.0325,106.7104602,-6.2324904000000005,CILEDUG,21
SO360819,0.219152585,0.015234799999999998,106.7010545,-6.2352625999999995,CILEDUG,22
SO360296,0.1717565,0.049113,106.7061602,-6.2376832,CILEDUG,22
SO360267,0.21188393,0.121374,106.7163545,-6.2418568,CILEDUG,22
SO359881,0.14898599999999998,0.029526,106.70777350000002,-6.2388398,CILEDUG,22
SO359872,0.24438249999999997,0.043668,106.6989226,-6.2408293,CILEDUG,22
SO359705,0.19519885,0.056938,106.69679409999999,-6.2439933,CILEDUG,22
SO359700,0.12923495,0.06838999999999999,106.715167,-6.240158,CILEDUG,22
SO359449,0.18279925,0.0458,106.7123673,-6.242642900000001,CILEDUG,22
SO359400,0.172,0.04,106.7044791,-6.2528224,CILEDUG,22
SO359215,0.1229638,0.065089,106.7056801,-6.2527527,CILEDUG,22
SO361042,1.1714598440000001,0.6310370000000001,106.68405759999999,-6.2946434,SERPONG,23
SO360984,0.13713365,0.07062,106.66860600000001,-6.290585,SERPONG,23
SO359886,0.1254885,0.06518399999999999,106.696603,-6.296558999999999,SERPONG,23
SO359859,0.101249125,0.057833,106.67047120000001,-6.2721875,SERPONG UTARA,23
SO359823,0.6328136999999999,0.3998,106.68896559999999,-6.302956099999999,SERPONG,23
SO359021,0.36595775,0.076596,106.69295530000001,-6.2772794,PONDOK AREN,23
SO358923,0.07113624,0.0544,106.70749679999999,-6.2936396,CIPUTAT,23
SO359326,0.822636,0.0968355,106.6664,-6.32805,SETU,24
SO359184,0.1281385,0.051877,106.66577029999999,-6.3044472,SERPONG,24
SO360967,0.00889203,0.0068,106.6711743,-6.0190497,TELUKNAGA,25
SO360957,0.23330313,0.13507,106.64254369999999,-6.0786777999999995,TELUKNAGA,25
SO360846,0.13074725,0.019603,106.6494836,-6.066671599999999,TELUKNAGA,25
SO360422,0.025688,0.006875,106.69526950000001,-6.082168299999999,KOSAMBI,25
SO359906,0.19086981,0.043532999999999995,106.7031727,-6.099042400000001,KALI DERES,25
SO359844,0.025688,0.00093,106.6717437,-6.0196913,TELUKNAGA,25
SO359673,0.10980005,0.035453000000000005,106.71272520000001,-6.1128384,KALI DERES,25
SO359506,0.01670217,5.8e-06,106.7040257,-6.1004357,KALI DERES,25
SO359421,0.22974076,0.09179,106.723,-6.11388,KALI DERES,25
SO359353,0.025688,0.006429000000000001,106.70575420000002,-6.122351999999999,KALI DERES,25
SO359222,0.043195,0.017329,106.71255259999998,-6.1120816,KALI DERES,25
SO359036,0.029254500000000003,0.00998,106.67632749999999,-6.016752200000001,TELUKNAGA,25
SO358991,0.04156225,0.013746,106.68014209999998,-6.0907032,KOSAMBI,25
SO358982,0.025688,0.006384,106.71935659999998,-6.1070863,KALI DERES,25
SO360963,0.058469625,0.0338,106.6752978,-6.1608418,BATUCEPER,26
SO360919,0.06837788,0.04324,106.66607420000001,-6.1525894,BENDA,26
SO360890,0.179816,0.025254,106.66620990000001,-6.1368315,BENDA,26
SO360864,0.13401625,0.049136000000000006,106.65411110000001,-6.152612599999999,BATUCEPER,26
SO360402,0.04970675,0.0101,106.65243159999999,-6.1527842,BATUCEPER,26
SO359759,0.061799295,0.030281,106.64774070000001,-6.173803599999999,TANGERANG,26
SO359600,0.11549942,0.061045,106.67116499999999,-6.179317,BATUCEPER,26
SO359560,0.025688,0.0008710000000000001,106.6523453,-6.1717547,TANGERANG,26
SO359380,0.2532685,0.096512,106.6666527,-6.161950599999999,BATUCEPER,26
SO359191,0.11544000000000001,0.039779,106.65571940000001,-6.170428599999999,TANGERANG,26
SO359108,0.43,0.1,106.67234199999999,-6.164256,BATUCEPER,26
SO361054,0.025688,0.00165,106.6807605,-6.1511441,BENDA,27
SO361021,0.93658075,0.1888,106.6856142,-6.1812364,CIPONDOH,27
SO360880,0.04446015,0.034,106.6804976,-6.1504433,BENDA,27
SO360635,0.05052892,0.018936,106.702367,-6.177693799999999,CENGKARENG,27
SO360004,0.109020755,0.0302808,106.689978,-6.132711799999999,BENDA,27
SO359429,0.06725025,0.015425,106.6964433,-6.1685182,KALI DERES,27
SO359406,0.72464236,0.23504029999999998,106.69593259999999,-6.169279,KALI DERES,27
SO359404,0.025688,0.010367,106.68382509999999,-6.1340484,BENDA,27
SO359348,0.13681117,0.0866078,106.69593259999999,-6.169279,KALI DERES,27
SO359045,0.187503,0.045049,106.69594040000001,-6.169188,KALI DERES,27
SO359038,0.05198869999999999,0.013585000000000002,106.68018899999998,-6.1501093000000004,BENDA,27
SO358890,0.038107999999999996,0.011514,106.70751240000001,-6.1556724,KALI DERES,27
SO361050,0.199568,0.021240000000000002,106.7894057,-6.1614489,GROGOL PETAMBURAN,28
SO360982,0.15523979999999998,0.051039,106.79979499999999,-6.165630999999999,GROGOL PETAMBURAN,28
SO360092,0.19155999999999998,0.027999999999999997,106.7650321,-6.1641469,KEBON JERUK,28
SO359934,0.19166225,0.031351,106.79223429999999,-6.1618304,GROGOL PETAMBURAN,28
SO359093,0.17733446,0.12322999999999999,106.76802930000001,-6.1563707,CENGKARENG,28
SO359040,0.14636035,0.043439,106.7916767,-6.149485299999999,GROGOL PETAMBURAN,28
SO359039,0.3863116,0.037948,106.7799855,-6.16937,GROGOL PETAMBURAN,28
SO360720,1.771285113,0.4812893,106.838652,-6.1636582,KEMAYORAN,29
SO361105,0.26003200000000004,0.0289615,106.750359,-6.166054,KEMBANGAN,30
SO361018,0.043075999999999996,0.006181,106.726694,-6.1506724,CENGKARENG,30
SO360810,0.11589456,0.039327,106.71916090000002,-6.173139900000001,CENGKARENG,30
SO360790,0.908287568,0.16260400000000005,106.7247352,-6.153436,CENGKARENG,30
SO360569,0.058901,0.008234,106.718043,-6.1499995,KALI DERES,30
SO360386,0.16016523,0.032884000000000004,106.73212050000001,-6.153472900000001,CENGKARENG,30
SO359793,0.30121820000000005,0.1122,106.7503178,-6.1690139,KEMBANGAN,30
SO359287,0.052521000000000005,0.027000000000000003,106.7262191,-6.1629415000000005,CENGKARENG,30
SO358897,0.15126573,0.076237,106.71943,-6.16878,CENGKARENG,30
SO360384,0.08942,0.043394,106.73817,-6.14229,CENGKARENG,31
SO360106,0.51006025,0.13854,106.7296858,-6.1465044,CENGKARENG,31
SO359816,0.41269768,0.21414,106.7388,-6.1420699999999995,CENGKARENG,31
SO359468,0.17507,0.09,106.737401,-6.128039,CENGKARENG,31
SO359389,0.025688,0.003953,106.74911609999998,-6.1433231,CENGKARENG,31
SO361125,0.025688,0.008376,106.76945549999999,-6.3398821,PAMULANG,32
SO360980,0.00889203,0.0068,106.75549479999998,-6.3219566,CIPUTAT TIMUR,32
SO360723,0.025688,0.0020039999999999997,106.75103,-6.31982,CIPUTAT TIMUR,32
SO359562,0.26327,0.14,106.7607084,-6.3185078,CIPUTAT TIMUR,32
SO359218,0.154128,0.0142385,106.75251829999999,-6.341660500000001,CIPUTAT,32
SO359099,0.11946984,0.057307,106.75841969999999,-6.3193178,CIPUTAT TIMUR,32
SO360910,0.17543875,0.079776,106.7303699,-6.294510900000001,CIPUTAT,33
SO360717,0.127118,0.01181,106.730791,-6.301114,CIPUTAT TIMUR,33
SO360626,0.025688,0.003724,106.7355088,-6.3097772,PAMULANG,33
SO360410,0.34388225,0.028165,106.73789860000001,-6.2866931,CIPUTAT TIMUR,33
SO359813,0.15622839,0.035987000000000005,106.7418291,-6.2909085,CIPUTAT TIMUR,33
SO360932,0.359632,0.039871,106.70781509999999,-6.3176901,CIPUTAT,34
SO360809,0.24433449999999998,0.038700000000000005,106.70912,-6.32457,PAMULANG,34
SO360480,0.6309035,0.170303,106.7010798,-6.3175386,SERPONG,34
SO359363,0.43,0.1,106.70296699999999,-6.315348,SERPONG,34
SO359307,0.26260500000000003,0.135,106.7127987,-6.3242494,CIPUTAT,34
SO359095,0.14282746699999999,0.046116500000000005,106.70837590000001,-6.3306165,PAMULANG,34
SO360975,0.82444154,0.31273500000000004,106.78974509999999,-6.3699112,LIMO,35
SO360695,0.4347,0.03,106.78987649999999,-6.3732119,CINERE,35
SO359496,0.557339,0.135075,106.78787179999999,-6.3789251,CINERE,35
SO359486,0.378093301,0.16348400000000002,106.78128590000001,-6.3561179,CINERE,35
SO360848,0.27105005,0.11233,106.7197472,-6.3965585,GUNUNG SINDUR,36
SO360803,0.06026803,0.050012,106.69921219999999,-6.3906917000000005,GUNUNG SINDUR,36
SO360599,0.07151875,0.028064,106.6962423,-6.387608,GUNUNG SINDUR,36
SO360496,0.05166559999999999,0.01425,106.69428640000001,-6.3709836,GUNUNG SINDUR,36
SO360299,0.0966645,0.016575,106.6924774,-6.3746468,GUNUNG SINDUR,36
SO360251,0.05052892,0.01555,106.7074373,-6.3773042,GUNUNG SINDUR,36
SO359015,0.30903525,0.1284085,106.698419,-6.3580127,SETU,36
SO358986,0.05651478,0.016399999999999998,106.7066946,-6.3994766,GUNUNG SINDUR,36
SO358887,0.00889203,0.0068,106.7059575,-6.397899,GUNUNG SINDUR,36
SO359573,0.2141756,0.08009,106.74619879999999,-6.3847765999999995,BOJONGSARI,37
SO359481,0.31368850000000004,0.0964,106.73471940000002,-6.3762504,BOJONGSARI,37
SO359183,0.35783646,0.17254,106.74450800000001,-6.3946488,BOJONGSARI,37
SO359890,0.139705585,0.027276799999999997,106.73854509999998,-6.3619403,BOJONGSARI,38
SO359457,2.15,0.5,106.73638159999999,-6.3487415,PAMULANG,38
SO360287,0.20325075,0.042466,106.72658329999999,-6.3475936,PAMULANG,39
SO359814,0.46781947,0.14720899999999998,106.72243449999999,-6.358396599999999,PAMULANG,39
SO359723,0.26800825,0.10344300000000001,106.72576289999999,-6.346193799999999,PAMULANG,39
SO359292,0.10190492,0.03889,106.70919930000001,-6.3445611,SERPONG,39
SO358911,0.025688,0.012897,106.71472659999998,-6.3529808,SETU,39
SO361063,0.055644500000000006,0.022209,106.7666457,-6.3113362,CIPUTAT TIMUR,40
SO361015,0.930392068,0.211556,106.7713773,-6.3004239,CILANDAK,40
SO360944,0.235552,0.03654,106.75199029999999,-6.2987655,CIPUTAT TIMUR,40
SO360253,0.025688,0.0021899999999999997,106.75965729999999,-6.2956642,CIPUTAT TIMUR,40
SO360200,0.11283800000000001,0.051192,106.75173000000001,-6.290430000000001,CIPUTAT TIMUR,40
SO360140,0.12505168,0.061,106.77100940000001,-6.3288142,PAMULANG,40
SO359978,0.047918,0.006987999999999999,106.756064,-6.2743792,CIPUTAT TIMUR,40
SO359687,0.15024475,0.032559,106.769566,-6.297911,CIPUTAT TIMUR,40
SO359477,0.294798445,0.117155,106.7554747,-6.294643,CIPUTAT TIMUR,40
SO359357,0.07678,0.021939,106.75277309999998,-6.2985361,CIPUTAT TIMUR,40
SO358874,0.2030735,0.113978,106.77143999999998,-6.305280000000001,CIPUTAT TIMUR,40
SO360540,1.080752118,0.328071,106.82177279999999,-6.2405017,MAMPANG PRAPATAN,41
SO361163,0.163216,0.015086500000000001,106.78533999999999,-6.2588,KEBAYORAN BARU,42
SO360482,0.17390150000000001,0.10019,106.800601,-6.257651999999999,KEBAYORAN BARU,42
SO359659,0.138435,0.02653,106.79488290000002,-6.26207,KEBAYORAN BARU,42
SO359613,0.50316219,0.265992,106.7932761,-6.2574065999999995,KEBAYORAN BARU,42
SO359305,0.200758,0.092,106.7954163,-6.2627458,KEBAYORAN BARU,42
SO359197,0.3606896,0.155595,106.7948686,-6.256808599999999,KEBAYORAN BARU,42
SO359194,0.165825,0.040827999999999996,106.7971703,-6.2693374,CILANDAK,42
SO358915,0.35014,0.18,106.7932798,-6.2587587,KEBAYORAN BARU,42
SO361178,0.20423945,0.02444,106.77008640000001,-6.267654299999999,KEBAYORAN LAMA,43
SO360268,0.16400399999999998,0.019117500000000003,106.7978672,-6.289093900000001,CILANDAK,43
SO359500,0.43,0.1,106.7759993,-6.271640799999999,KEBAYORAN LAMA,43
SO361048,0.43742650000000005,0.101496,106.812646,-6.342256,JAGAKARSA,44
SO360439,0.41275100000000003,0.2154,106.820072,-6.3610326,BEJI,44
SO360390,0.22451179999999998,0.029251000000000006,106.82822,-6.34419,JAGAKARSA,44
SO360372,0.11862625,0.013515,106.82606270000001,-6.3224762000000005,PASAR MINGGU,44
SO359949,0.081916947,0.032139999999999995,106.81552140000001,-6.3647482,BEJI,44
SO359901,0.431792,0.06239600000000001,106.82917169999999,-6.3359342000000005,JAGAKARSA,44
SO359589,0.28294709999999995,0.107,106.83001000000002,-6.3246709999999995,JAGAKARSA,44
SO358987,0.20373299399999997,0.09736700000000001,106.81392759999999,-6.3361412,JAGAKARSA,44
SO360455,0.044988585,0.076,106.79144129999999,-6.352065799999999,CINERE,45
SO360411,0.24916696,0.038785,106.7944244,-6.3120176,CILANDAK,45
SO359933,0.17388,0.012,106.80236869999999,-6.3451324,JAGAKARSA,45
SO359818,0.098138,0.017928,106.79395990000002,-6.3247773,CINERE,45
SO359794,0.15147317,0.07354300000000001,106.79799999999999,-6.33968,CINERE,45
SO359660,0.3587008,0.0325,106.79443359999999,-6.348075700000001,JAGAKARSA,45
SO359585,0.49812206,0.154451,106.8041314,-6.3181518,CINERE,45
SO359349,0.17589439,0.094854,106.81393510000001,-6.3125335,PASAR MINGGU,45
SO359258,0.025688,0.006855000000000001,106.80260559999999,-6.3185837,CINERE,45
SO359025,0.14271392,0.048050999999999996,106.79336599999999,-6.328924099999999,CINERE,45
SO358939,0.509862675,0.1245,106.7802564,-6.3285962,CINERE,45
SO360926,1.167878568,0.271177,106.9026696,-6.2451237,DUREN SAWIT,46
SO360607,0.025688,0.00031,106.83676000000001,-6.266665,PASAR MINGGU,47
SO359743,0.337807355,0.140292,106.8426397,-6.2827023,PASAR MINGGU,47
SO359736,0.3183,0.070485,106.8252395,-6.2796675,PASAR MINGGU,47
SO359221,0.1587425,0.032,106.84667900000001,-6.2848073,PASAR MINGGU,47
SO359037,0.050219,0.028454000000000004,106.84599180000001,-6.2774064,PASAR MINGGU,47
SO359576,0.129,0.03,106.8315236,-6.301218,PASAR MINGGU,48
SO359171,0.42670094,0.26717199999999997,106.809238,-6.2927231,PASAR MINGGU,48
SO359101,0.43,0.1,106.8150705,-6.3044283,PASAR MINGGU,48
SO359046,0.215,0.05,106.8268989,-6.2989287,PASAR MINGGU,48
SO360824,0.5282295,0.3068,106.85033229999999,-6.314782,JAGAKARSA,49
SO360404,0.9109748,0.348,106.84476459999999,-6.3067293,JAGAKARSA,49
SO358978,1.10276925,0.149875,106.84685800000001,-6.3144860000000005,JAGAKARSA,49
SO361120,0.040178,0.007972,106.968655,-6.323682099999999,GUNUNG PUTRI,50
SO360547,0.11967539999999999,0.0363,106.94146409999998,-6.3813983,GUNUNG PUTRI,50
SO360243,0.07866184,0.0368,106.968772,-6.322076,GUNUNG PUTRI,50
SO359857,0.025688,0.006689,106.9207493,-6.4414347,GUNUNG PUTRI,50
SO359593,0.025688,0.006999999999999999,107.02261270000001,-6.4385131,KLAPANUNGGAL,50
SO360734,0.025688,0.0017,106.826545,-6.389533,BEJI,51
SO360450,0.4572852,0.08800000000000001,106.83469,-6.38917,SUKMAJAYA,51
SO360033,0.5122778,0.181066,106.82241699999999,-6.3889765999999995,BEJI,51
SO359623,0.200758,0.09182,106.83743500000001,-6.3915434,SUKMAJAYA,51
SO359302,0.12996425,0.02202,106.82012979999999,-6.3864136,BEJI,51
SO360914,0.12386400000000002,0.02189,106.8309771,-6.41174,SUKMAJAYA,52
SO359516,0.12694741,0.0308,106.8166281,-6.4107650000000005,PANCORAN MAS,52
SO359442,2.337287465,0.524389,106.82304189999999,-6.4189773,SUKMAJAYA,52
SO360816,0.278208,0.0192,106.81206999999999,-6.38218,BEJI,53
SO359637,0.13055925,0.055245,106.80787959999999,-6.376363099999999,BEJI,53
SO359507,1.19249532,0.15897579999999997,106.81256200000001,-6.3935547,PANCORAN MAS,53
SO360901,1.142892,0.22899999999999998,106.7932426,-6.3806581,LIMO,54
SO359519,0.172,0.04,106.7997249,-6.3905135,PANCORAN MAS,54
SO361108,0.25391896,0.041306999999999996,106.85765500000001,-6.4066039,CILODONG,55
SO360878,0.0889812,0.0528,106.87272,-6.42479,TAPOS,55
SO360348,0.12759525,0.030595,106.8676014,-6.412829299999999,TAPOS,55
SO360184,0.31680349999999996,0.105148,106.85517150000001,-6.4073358,CILODONG,55
SO360036,0.16400399999999998,0.01535,106.84022069999999,-6.4187325,SUKMAJAYA,55
SO359938,0.1667205,0.042437,106.8664803,-6.4249663,TAPOS,55
SO359655,0.16097084,0.07323500000000001,106.8476591,-6.422343700000001,CILODONG,55
SO359641,0.10568546,0.030542000000000007,106.8529116,-6.4099913,CILODONG,55
SO359575,0.87079925,0.2058,106.8690798,-6.4129375,TAPOS,55
SO359649,0.17227766,0.084006,106.85996429999999,-6.458541599999999,CIBINONG,56
SO359467,1.91470144,0.5086066,106.865399,-6.4368734000000005,TAPOS,56
SO360158,0.250944,0.022213,106.85081000000001,-6.385864700000001,SUKMAJAYA,57
SO359830,0.24583282,0.069748,106.88037,-6.372393,CIMANGGIS,57
SO359725,0.33099457,0.08424899999999999,106.87390890000002,-6.3705262000000005,CIMANGGIS,57
SO359479,1.4932192,0.274058,106.86941000000002,-6.382026000000001,CIMANGGIS,57
SO359471,0.17507,0.09,106.85293519999999,-6.381883,SUKMAJAYA,57
SO360206,0.17507,0.09,106.8938623,-6.380323000000001,CIMANGGIS,58
SO359417,0.54704,0.425,106.89604399999999,-6.401937,TAPOS,58
SO361114,0.025688,0.025,106.8034571,-6.506065,CIBINONG,59
SO360956,0.065582,0.02682,106.7889652,-6.485808400000001,BOJONG GEDE,59
SO360860,0.063673747,0.01973,106.80917279999998,-6.5201294999999995,CIBINONG,59
SO360783,0.04551536,0.019602,106.78825149999999,-6.5173641,TANAH SAREAL,59
SO360769,0.11695256,0.020572999999999998,106.6951695,-6.5606911,CIAMPEA,59
SO360181,0.05899,0.013594,106.80130759999999,-6.4960561,BOJONG GEDE,59
SO360119,0.11555750000000001,0.061348,106.76832749999998,-6.508535,BOJONG GEDE,59
SO360040,0.043892,0.00861,106.7747459,-6.4688417000000005,TAJUR HALANG,59
SO359986,0.096364585,0.017549799999999997,106.79258359999999,-6.5147275,SUKARAJA,59
SO359946,0.03458003,0.010816,106.793953,-6.483336,BOJONG GEDE,59
SO359719,0.56800102,0.170875,106.78118300000001,-6.488108,TAJUR HALANG,59
SO359598,0.159191,0.037991000000000004,106.7871952,-6.5089656,BOJONG GEDE,59
SO359517,0.12637498,0.06515,106.7364644,-6.4989297,KEMANG,59
SO359418,0.20405,0.0968,106.7892108,-6.4953564,BOJONG GEDE,59
SO359230,0.07937125,0.016,106.80197209999999,-6.5058312,CIBINONG,59
SO358962,0.06975545,0.033964,106.78582560000001,-6.491391999999999,BOJONG GEDE,59
SO360978,0.077782,0.01056,106.8371283,-6.4633465999999995,CIBINONG,60
SO360711,0.269642257,0.130448,106.8082072,-6.463617,BOJONG GEDE,60
SO359849,0.07404792,0.029684,106.8396082,-6.456346900000001,CIBINONG,60
SO359498,0.06012245,0.028980000000000002,106.84361080000001,-6.4748675,CIBINONG,60
SO359452,0.233368,0.06,106.7989929,-6.4810748,BOJONG GEDE,60
SO359345,0.025688,0.00081,106.80522679999999,-6.4628622,BOJONG GEDE,60
SO359293,0.287074,0.126319,106.806145,-6.46585,BOJONG GEDE,60
SO359264,0.087535,0.045,106.798776,-6.45421,BOJONG GEDE,60
SO359198,0.052521000000000005,0.027000000000000003,106.79286450000001,-6.4697412000000005,BOJONG GEDE,60
SO359115,0.051376,0.009125,106.8088504,-6.448005200000001,BOJONG GEDE,60
SO358993,0.04757616,0.01819,106.83408850000001,-6.4687932,CIBINONG,60
SO361065,0.09524550000000001,0.0192,106.7320894,-6.4163533,PARUNG,61
SO360289,0.388682,0.046973,106.71145530000001,-6.489514,KEMANG,61
SO360188,0.16097084,0.084442,106.6419294,-6.4548328,RUMPIN,61
SO359980,0.04156225,0.00426,106.7242136,-6.4373915,,61
SO358950,0.06294892,0.023694999999999997,106.7354952,-6.4589096,TAJUR HALANG,61
SO360839,0.025688,0.00024,106.7858757,-6.4500760999999995,BOJONG GEDE,62
SO360649,0.243967655,0.036184,106.78021899999999,-6.4343995000000005,SAWANGAN,62
SO360430,0.393032585,0.026706800000000003,106.78391459999999,-6.4324684,SAWANGAN,62
SO359693,0.154128,0.010058,106.80320900000001,-6.441913,CIPAYUNG,62
SO359528,1.38688342,0.7516,106.78998600000001,-6.4503379999999995,BOJONG GEDE,62
SO359450,0.11611179999999999,0.059257000000000004,106.7864473,-6.447650299999999,BOJONG GEDE,62
SO359431,0.05368099999999999,0.02371,106.78428799999999,-6.447878,BOJONG GEDE,62
SO359156,0.07331075,0.01105,106.7810415,-6.4347606,,62
SO358889,0.06632853,0.015666,106.7862815,-6.4455260999999995,BOJONG GEDE,62
SO359665,0.21293299999999998,0.034916,106.79623000000001,-6.41469,CIPAYUNG,63
SO359652,0.313133,0.16262,106.811624,-6.42225,CIPAYUNG,63
SO359314,0.179816,0.012058,106.7985176,-6.417022599999999,CIPAYUNG,63
SO359084,0.153045125,0.039475,106.813076,-6.427965,CIPAYUNG,63
SO360492,0.13605484,0.08220000000000001,106.75683909999998,-6.4133986,SAWANGAN,64
SO360457,0.101304785,0.09277,106.75591159999999,-6.4194942,SAWANGAN,64
SO358899,0.35014,0.18,106.77083970000001,-6.4202379,SAWANGAN,64
SO360032,0.11647443,0.06095,106.76892790000001,-6.3907972,PANCORAN MAS,65
SO359444,2.38310376,0.825,106.76637,-6.40078,SAWANGAN,65
